人文．島嶼	1	https://humanityisland.nccu.edu.tw/feed/
山姆伯伯工作坊	1	http://www.unclesam.cc/blog/feed/
台灣工程師的矽谷故事	1	http://winston-zh.attlin.com/feeds/posts/default
民俗亂彈	1	http://think.folklore.tw/feed
即食歷史 Cuphistory	1	http://cuphistory.net/feed/
南亞觀察	1	http://southasiawatch.tw/feed
城市美學新態度kaiak.tw	1	http://kaiak.tw/?feed=rss2
巷仔口社會學 Streetcorner Sociology	1	http://twstreetcorner.org/feed/
商業周刊 - 文章目錄	1	http://www.businessweekly.com.tw/feed.php?channelid=2&feedid=1
報導者開放實驗室	1	https://medium.com/feed/twreporter
菜市場政治學	1	http://whogovernstw.org/feed/
實作派電子實驗室	1	https://www.strongpilab.com/?feed=rss2
歷史學柑仔店	1	https://kamatiam.org/feed/
攝影入門 Fotobeginner	1	http://www.fotobeginner.com/feed/
顯影 PhotogStory	1	https://photogstory.com/feed/
AppWorks 之初加速器	1	http://appworks.tw/feed/
ASEAN PLUS 南洋誌	1	http://aseanplusjournal.com/feed/
Cheers雜誌精選文章	1	http://www.cw.com.tw/RSS/cheers.xml
dcplus 數位行銷實戰家	1	http://dcplus.com.tw/?feed=rss2
Enago英論閣 部落格：論文撰寫與科學研究發表支援	1	http://www.enago.tw/blog/feed/
gipi的商業思維筆記	1	https://medium.com/feed/how-gipi-learn
Global Voices 繁體中文	1	http://zh.globalvoicesonline.org/hant/feed/
Google台灣 - 官方部落格	1	https://taiwan.googleblog.com/feeds/posts/default
guavanthropology.tw 芭樂人類學	1	http://guavanthropology.tw/feed
IGDSHARE	1	http://igdshare.org/rss.xml
Miula 官網	1	http://miula.tw/feed/
News100 | SmartM 電子商務X網路行銷學校	1	http://www.smartm.com.tw/article/Rssfeed/max
PanX 泛科技	1	http://punnode.com/feed
POLYSH	1	http://thepolysh.com/blog/feed/
Stories by Evonne Tsai on Medium	1	https://medium.com/feed/@evonneyifangtsai
Taiwan 2.0	1	http://taiwan.chtsai.org/feed/
Venture Two Cents 險而議見	1	http://icjan.blogspot.com/feeds/posts/default
Voices of Photography 攝影之聲	1	http://www.vopmagazine.com/feed/
【關鍵應用】	2	http://key.chtouch.com/Rss.aspx
小老婆汽機車資訊網 - 黃/紅牌車研究室	2	http://forum.jorsindo.com/forum.php?mod=rss&fid=10&auth=00
中央社 重點新聞	2	http://feeds.feedburner.com/cnaFirstNews
引領創新的科技實作社群媒體	2	http://makerpro.cc/feed/
生鮮時書	2	http://newsveg.tw/feed
宅宅新聞 by 卡卡洛普 » 遊戲	2	http://news.gamme.com.tw/category/gaming/feed
免費資源網路社群	2	http://feeds.feedburner.com/freegroup
放映週報 - 本期文章	2	http://www.funscreen.com.tw/rss.asp
明日科學新媒體	2	http://tomorrowsci.com/feed/
型男大主廚	2	http://blog.iset.com.tw/chef/?feed=atom
要是沒錢就用吻來賠！十大霸道總裁韓劇 最甜情話推爆「社內相親」	2	http://dailyview.tw/Site/RssFeed
重點新聞	2	http://feeds.feedburner.com/coolloudheadlines
哲學新媒體	2	https://philomedium.com/rss.xml
挨踢路人甲	2	http://feeds.feedburner.com/itwalker
專案管理生活思維 - 最新文章	2	http://feeds.feedburner.com/projectup/WDNW
啟彬與凱雅的爵士樂 Chipin & Kaiya's Jazz	2	http://chipinkaiyasjazz.blogspot.com/feeds/posts/default
梅問題．教學網	2	http://feeds.feedburner.com/minwt/LZgW
眼底城事	2	http://eyesonplace.net/feed/
創新拿鐵	2	http://startuptaiwan.com/rss
黑秀網 HeyShow.com	2	http://www.heyshow.com/rss.asp
傳說中的挨踢部門	2	http://www.mobileai.tw/feed/
群眾觀點	2	http://crowdwatch.tw/feed
運動星球 sportsplanetmag	2	https://www.sportsplanetmag.com/rss
電腦玩物	2	http://feeds.feedburner.com/playpc
橘子也有部落格	2	http://oranges.idv.tw/feed
聯合文學 unitas lifestyle	2	http://www.unitas.me/?feed=rss2
轉角國際 udn Global	2	http://global.udn.com/rss/news/1020/8662
攝影二三事	2	https://medium.com/feed/%E6%94%9D%E5%BD%B1%E4%BA%8C%E4%B8%89%E4%BA%8B
攝影札記 Photoblog – 新奇好玩的攝影資訊、攝影技巧教學	2	http://www.photoblog.hk/videoblog/feed/
Astral Web 歐斯瑞有限公司	2	http://www.astralweb.com.tw/feed/
BIOS monthly	2	http://www.biosmonthly.com/rss.xml
BRANDinLABS	2	http://feeds.feedburner.com/brandinlabs
CASE報科學	2	http://case.ntu.edu.tw/blog/?feed=rss2
HEAVEN RAVEN	2	http://www.heavenraven.com/feed
INPLUS	2	http://inplus.tw/feed
L.DOPE	2	http://feeds.feedburner.com/LDope
LIFE 生活化學│找知識 x 玩創意 x 品生活 - 知識文章	2	http://www.lifechem.tw/1/feed
PMTone 產品通	2	http://www.pmtone.com/feed/
Star Rocket Blog	2	https://blog.starrocket.io/feed/
The Investigator Taiwan	2	https://investigator.tw/feed/
The Will Will Web	2	http://feeds.feedburner.com/TheWillWillWeb
Think with Google 台灣	2	https://www.thinkwithgoogle.com/intl/zh-tw/rss.xml
vMaker 台灣自造者	2	https://vmaker.tw/feed
上下游News&Market	3	https://www.newsmarket.com.tw/feed/
小日子	3	http://www.oneday.com.tw/feed/
小狐狸事務所	3	http://yhhuang1966.blogspot.com/feeds/posts/default
公民行動影音紀錄資料庫	3	http://www.civilmedia.tw/feed
宅宅新聞 by 卡卡洛普 » 動漫	3	http://news.gamme.com.tw/category/anime/feed
每天為你讀一首詩	3	http://cendalirit.blogspot.com/feeds/posts/default
思想坦克｜Voicettank	3	https://voicettank.org/feed/
重灌狂人	3	http://feeds.feedburner.com/briian
動漫王國	3	https://anime01kingdom.com/feed/
報導者	3	https://www.twreporter.org/a/rss2.xml
微笑台灣最新文章	3	https://smiletaiwan.cw.com.tw/rss
經理人 Managertoday	3	http://www.managertoday.com.tw/rss/
電腦王	3	http://feeds.feedburner.com/pcadv
樂手巢 YSOLIFE	3	http://ysolife.com/feed/
蘋果迷 APPLEFANS	3	https://applefans.today/feed/
Adm廣告雜誌｜Digital x Creative	3	http://adaround.blogspot.com/feeds/posts/default
Car1.hk	3	http://www.car1.hk/rss
EVERYDAY OBJECT	3	http://www.everydayobject.us/feed/
GeneOnline News	3	http://www.geneonline.news/index.php/feed/
Great Game 亞洲遊戲網	3	https://greatgame.asia/feed/
MPlus Article Feed	3	http://www.mplus.com.tw/articlefeed.xml
nippon.com / hk	3	http://nippon.com/hk/feed/
Openbook閱讀誌	3	http://www.openbook.org.tw/rss.xml
PanSci 泛科學	3	http://pansci.asia/feed
PC3 Magazine	3	http://www.pc3mag.com/feed/
PeoPo 公民新聞	3	https://www.peopo.org/peopo_agg/feed?post_u=1381
PlayStation.Blog 繁體中文	3	https://blog.zh-hant.playstation.com/feed/
Pokemon Hubs 寶可夢 Pokémon GO資訊	3	https://www.pokemonhubs.com/feed
VidaOrange 生活報橘	3	http://buzzorange.com/vidaorange/feed/atom/
VJGamer	3	http://gamer.vjmedia.com.hk/feed/
「獨立評論@天下」最新文章	4	http://www.cw.com.tw/RSS/opinion.xml
4Gamers	4	https://www.4gamers.com.tw/news/rss
女人迷 Womany	4	http://womany.net/read/feed
女子學	4	https://share99.com/feed
中華民國文化部	4	http://www.moc.gov.tw/rss?uid=250
手機消息(比價王)	4	http://www.eprice.com.hk/news/rss.xml
台灣事實查核中心 - Taiwan FactCheck Center	4	https://tfc-taiwan.org.tw/rss.xml
民報 Taiwan People News - 即時新聞	4	https://www.peoplemedia.tw/rss/%E5%8D%B3%E6%99%82
地球圖輯隊	4	http://world.yam.com/rss.php
批踢踢實業坊 Boy-Girl 板	4	http://rss.ptt.cc/Boy-Girl.xml
批踢踢實業坊 Salary 板	4	http://rss.ptt.cc/Salary.xml
批踢踢實業坊 sex 板	4	http://rss.ptt.cc/sex.xml
批踢踢實業坊 Tech_Job 板	4	http://rss.ptt.cc/Tech_Job.xml
沃草	4	https://watchout.tw/feed.json
沈浸在音樂之中...貓窩工坊DRC	4	http://records2ear.blogspot.com/feeds/posts/default
明周文化	4	http://bkb.mpweekly.com/feed
玩具人Toy People News	4	http://feeds.feedburner.com/toy-people?format=xml
流動日報	4	http://www.newmobilelife.com/feed/atom/
香港 unwire.hk 玩生活．樂科技	4	http://feeds2.feedburner.com/unwirelife
紐約時報中文網 國際縱覽	4	http://cn.nytimes.com/rss/zh-hant/
發燒車訊 | 聯合新聞網	4	http://autos.udn.com/rss/news/1018/7824/7825?ch=autos
塔科女子	4	https://www.tech-girlz.com/feed
農傳媒	4	https://www.agriharvest.tw/?feed=rss2
運動視界 Sports Vision	4	http://www.sportsv.net/baseball/feed
電獺少女	4	http://agirls.aotter.net/?feed=rss2
瘋先生	4	http://feeds.feedburner.com/mrmadtw
端傳媒 Initium Media	4	https://theinitium.com/newsfeed/
遠見雜誌 - 前進的動力	4	http://www.gvm.com.tw/RSS/rss.asp
數位時代 BusinessNext	4	https://www.bnext.com.tw/rss
蝦米攻略網	4	https://pcucgame.com/feed/
環境新聞	4	http://e-info.org.tw/taxonomy/term/258/all/feed
蘋果仁 – 果仁 iPhone/iOS/好物推薦科技媒體	4	https://applealmond.com/feed
體育新聞 - Yahoo 新聞	4	http://hk.news.yahoo.com/rss/sports/rss.xml
A Day Magazine	4	http://www.adaymag.com/feed/
ACGer:日系ACG情報資訊及評論網站	4	http://hkacger.com/feed
All Articles(vogue)	4	http://www.vogue.com.tw/rss.asp
AutoNet 汽車日報 完整版	4	http://www.autonet.com.tw/rss/autonet.xml
Blow 吹音樂	4	http://blow.streetvoice.com/feed/
CitiOrange 公民報橘	4	http://buzzorange.com/feed/
Engadget Traditional Chinese Summary RSS	4	http://chinese.engadget.com/rss.xml
ePrice 比價王 綜合新聞	4	http://www.phonedaily.com/news/rss/news.xml
ETtoday 遊戲	4	http://feeds.feedburner.com/ettoday/game
every little d	4	https://feeds.feedburner.com/EveryLittleD
INSIDE	4	http://www.inside.com.tw/feed
iThome 新聞	4	http://www.ithome.com.tw/rss.php
KEEDAN.COM	4	http://keedan.com/track/feed/
KENLU.net	4	http://kenlu.net/feed/
manfashion這樣變型男	4	http://feeds.feedburner.com/techbang/mf
MING'S	4	http://mings.hk/feed
Mobile01 汽車 - 汽車消費經驗分享最新文章	4	http://www.mobile01.com/rss/topiclist397.xml
MOTO7 專業汽機車資訊	4	http://www.moto7.net/feed
OKAPI閱讀生活誌	4	http://okapi.books.com.tw/index.php/welcome/rss
OVERDOPE 華人首席線上時尚潮流雜誌	4	http://overdope.com/feed
POPBEE	4	http://popbee.com/feed/
pourquoi 報呱	4	https://www.pourquoi.tw/feed/
QooahQooah	4	http://feeds.feedburner.com/iloveappshk
Readmoo閱讀最前線	4	http://blog.readmoo.com/feed/
StartUpBeat	4	http://startupbeat.hkej.com/?feed=rss2
SundayMore	4	http://www.sundaymore.com/feed/
TechOrange 科技報橘	4	http://feeds.feedburner.com/techorange
TechOrange 科技報橘	4	https://buzzorange.com/techorange/feed/
Techritual Hong Kong – 多點深度的科技網站	4	http://www.techritual.com/?feed=rss2
TEEPR 亮新聞	4	http://www.teepr.com/feed/
WATCHVIEWS	4	http://watchviews.com/feed